{
  "summary": {
    "total": 17,
    "success": 17,
    "errors": 0,
    "decompositions": 0
  },
  "by_complexity": {
    "COMPLEX": {
      "count": 4,
      "success": 4,
      "errors": 0,
      "latencies": [
        307.47855138778687,
        412.2612683773041,
        2600.253734588623,
        2174.5802323818207
      ]
    },
    "SIMPLE": {
      "count": 6,
      "success": 6,
      "errors": 0,
      "latencies": [
        335.8976459503174,
        447.0667941570282,
        329.57691168785095,
        234.7639901638031,
        2395.8055758476257,
        2108.419327735901
      ]
    },
    "VERY_COMPLEX": {
      "count": 1,
      "success": 1,
      "errors": 0,
      "latencies": [
        512.5560169219971
      ]
    },
    "MODERATE": {
      "count": 6,
      "success": 6,
      "errors": 0,
      "latencies": [
        554.1874747276306,
        250.7285270690918,
        110.31170344352722,
        205.64264678955078,
        2315.072122335434,
        2472.9656455516815
      ]
    }
  },
  "by_model": {
    "unknown": {
      "count": 17,
      "success": 17,
      "latencies": [
        307.47855138778687,
        335.8976459503174,
        412.2612683773041,
        447.0667941570282,
        512.5560169219971,
        554.1874747276306,
        250.7285270690918,
        110.31170344352722,
        329.57691168785095,
        205.64264678955078,
        234.7639901638031,
        2315.072122335434,
        2472.9656455516815,
        2395.8055758476257,
        2108.419327735901,
        2600.253734588623,
        2174.5802323818207
      ]
    }
  }
}